star_time,end_time,mem_used,
10 Oct 15:33:57.052,10 Oct 15:33:57.157,6MB,
10 Oct 16:03:20.720,10 Oct 16:03:20.822,6MB,
10 Oct 16:08:21.005,10 Oct 16:08:21.208,4MB,
10 Oct 16:13:22.035,10 Oct 16:13:22.138,4MB,
10 Oct 16:18:23.073,10 Oct 16:18:23.179,4MB,
10 Oct 16:23:24.016,10 Oct 16:23:24.218,4MB,
10 Oct 16:28:25.034,10 Oct 16:28:25.142,4MB,
10 Oct 16:33:26.091,10 Oct 16:33:26.294,4MB,
10 Oct 16:38:27.056,10 Oct 16:38:27.159,4MB,
10 Oct 16:43:28.068,10 Oct 16:43:28.271,4MB,
10 Oct 16:48:29.014,10 Oct 16:48:29.117,4MB,
10 Oct 16:53:30.079,10 Oct 16:53:30.281,4MB,
10 Oct 16:58:31.096,10 Oct 16:58:31.198,4MB,
10 Oct 17:03:32.050,10 Oct 17:03:32.151,4MB,
10 Oct 17:08:33.098,10 Oct 17:08:33.200,4MB,
10 Oct 17:13:34.035,10 Oct 17:13:34.236,4MB,
10 Oct 17:18:35.043,10 Oct 17:18:35.146,4MB,
10 Oct 17:23:36.065,10 Oct 17:23:36.268,4MB,
10 Oct 17:28:37.000,10 Oct 17:28:37.203,4MB,
10 Oct 17:33:38.047,10 Oct 17:33:38.149,4MB,
10 Oct 17:38:39.076,10 Oct 17:38:39.183,4MB,
10 Oct 17:43:40.055,10 Oct 17:43:40.160,4MB,
10 Oct 17:48:41.007,10 Oct 17:48:41.109,4MB,
10 Oct 17:53:42.073,10 Oct 17:53:42.576,4MB,
10 Oct 17:58:43.027,10 Oct 17:58:43.229,4MB,
10 Oct 18:03:44.003,10 Oct 18:03:44.107,4MB,
10 Oct 18:08:45.058,10 Oct 18:08:45.160,4MB,
10 Oct 18:13:46.029,10 Oct 18:13:46.131,4MB,
10 Oct 18:18:47.070,10 Oct 18:18:47.176,4MB,
10 Oct 18:23:48.050,10 Oct 18:23:48.253,4MB,
10 Oct 18:28:49.090,10 Oct 18:28:49.292,4MB,
10 Oct 18:33:50.010,10 Oct 18:33:50.112,4MB,
10 Oct 18:38:51.038,10 Oct 18:38:51.143,4MB,
10 Oct 18:43:52.079,10 Oct 18:43:52.181,4MB,
10 Oct 18:48:53.021,10 Oct 18:48:53.324,4MB,
10 Oct 18:53:54.088,10 Oct 18:53:54.292,4MB,
10 Oct 18:58:55.034,10 Oct 18:58:55.139,4MB,
10 Oct 19:03:56.020,10 Oct 19:03:56.122,4MB,
10 Oct 19:08:57.072,10 Oct 19:08:57.174,4MB,
10 Oct 19:13:58.073,10 Oct 19:13:58.175,4MB,
10 Oct 19:18:59.036,10 Oct 19:18:59.138,4MB,
10 Oct 19:24:00.087,10 Oct 19:24:00.189,4MB,
10 Oct 19:29:01.038,10 Oct 19:29:01.241,4MB,
10 Oct 19:34:02.083,10 Oct 19:34:02.184,4MB,
10 Oct 19:39:03.010,10 Oct 19:39:03.112,4MB,
10 Oct 19:44:04.061,10 Oct 19:44:04.162,4MB,
10 Oct 19:49:05.025,10 Oct 19:49:05.228,4MB,
10 Oct 19:54:06.048,10 Oct 19:54:06.351,4MB,
10 Oct 19:59:07.083,10 Oct 19:59:07.186,4MB,
10 Oct 20:04:08.009,10 Oct 20:04:08.111,4MB,
10 Oct 20:09:09.077,10 Oct 20:09:09.279,4MB,
10 Oct 20:14:10.044,10 Oct 20:14:10.146,4MB,
10 Oct 20:19:11.014,10 Oct 20:19:11.318,4MB,
10 Oct 20:24:12.099,10 Oct 20:24:12.201,4MB,
10 Oct 20:29:13.043,10 Oct 20:29:13.246,4MB,
10 Oct 20:34:14.008,10 Oct 20:34:14.110,4MB,
10 Oct 20:39:15.055,10 Oct 20:39:15.358,4MB,
10 Oct 20:44:16.007,10 Oct 20:44:16.212,4MB,
10 Oct 20:49:17.083,10 Oct 20:49:17.286,4MB,
10 Oct 20:54:18.072,10 Oct 20:54:18.276,4MB,
10 Oct 20:59:19.019,10 Oct 20:59:19.123,4MB,
10 Oct 21:04:20.085,10 Oct 21:04:20.188,4MB,
10 Oct 21:09:21.049,10 Oct 21:09:21.260,4MB,
10 Oct 21:14:22.100,10 Oct 21:14:22.201,2MB,
10 Oct 21:19:23.018,10 Oct 21:19:23.119,2MB,
10 Oct 21:24:24.066,10 Oct 21:24:24.167,2MB,
10 Oct 21:29:25.013,10 Oct 21:29:25.214,2MB,
10 Oct 21:34:26.047,10 Oct 21:34:26.148,2MB,
10 Oct 21:39:27.022,10 Oct 21:39:27.123,2MB,
10 Oct 21:44:28.071,10 Oct 21:44:28.172,2MB,
10 Oct 21:49:29.007,10 Oct 21:49:29.108,2MB,
10 Oct 21:54:30.082,10 Oct 21:54:30.183,2MB,
10 Oct 21:59:31.032,10 Oct 21:59:31.133,2MB,
10 Oct 22:04:32.043,10 Oct 22:04:32.245,2MB,
10 Oct 22:09:33.050,10 Oct 22:09:33.151,2MB,
10 Oct 22:14:34.027,10 Oct 22:14:34.128,2MB,
10 Oct 22:19:35.003,10 Oct 22:19:35.104,2MB,
10 Oct 22:24:36.044,10 Oct 22:24:36.245,2MB,
10 Oct 22:29:37.092,10 Oct 22:29:37.193,2MB,
10 Oct 22:34:38.010,10 Oct 22:34:38.111,2MB,
10 Oct 22:39:39.020,10 Oct 22:39:39.222,2MB,
10 Oct 22:44:40.085,10 Oct 22:44:40.286,2MB,
10 Oct 22:49:41.049,10 Oct 22:49:41.450,2MB,
10 Oct 22:54:42.016,10 Oct 22:54:42.217,2MB,
10 Oct 22:59:43.033,10 Oct 22:59:43.235,2MB,
10 Oct 23:04:44.022,10 Oct 23:04:44.223,2MB,
10 Oct 23:09:45.095,10 Oct 23:09:45.196,2MB,
10 Oct 23:14:46.086,10 Oct 23:14:46.287,2MB,
10 Oct 23:19:47.069,10 Oct 23:19:47.170,2MB,
